source_file,id,virus,treatment,concentration,replicate,fluo,assay,file.name,remaining_signal
../results//collapsed_data/K227S.csv,A1,K227S,mAb,0.01,1,1463.625,Neutralization,K227S,0.8648349213383558
../results//collapsed_data/K227S.csv,A2,K227S,mAb,0.01,2,1542.625,Neutralization,K227S,0.9115148829307924
../results//collapsed_data/K227S.csv,B1,K227S,mAb,0.0033333333333333335,1,1486.625,Neutralization,K227S,0.8784252899032425
../results//collapsed_data/K227S.csv,B2,K227S,mAb,0.0033333333333333335,2,1774.625,Neutralization,K227S,1.048600339759214
../results//collapsed_data/K227S.csv,C1,K227S,mAb,0.0011111111111111111,1,1453.625,Neutralization,K227S,0.858926065440579
../results//collapsed_data/K227S.csv,C2,K227S,mAb,0.0011111111111111111,2,1561.625,Neutralization,K227S,0.9227417091365684
../results//collapsed_data/K227S.csv,D1,K227S,mAb,3.703703703703703e-4,1,1353.625,Neutralization,K227S,0.7998375064628112
../results//collapsed_data/K227S.csv,D2,K227S,mAb,3.703703703703703e-4,2,1754.625,Neutralization,K227S,1.0367826279636605
../results//collapsed_data/K227S.csv,E1,K227S,mAb,1.234567901234568e-4,1,1494.625,Neutralization,K227S,0.8831523746214639
../results//collapsed_data/K227S.csv,E2,K227S,mAb,1.234567901234568e-4,2,1654.625,Neutralization,K227S,0.9776940689858926
../results//collapsed_data/K227S.csv,F1,K227S,mAb,4.115e-5,1,1401.625,Neutralization,K227S,0.8282000147721398
../results//collapsed_data/K227S.csv,F2,K227S,mAb,4.115e-5,2,1755.625,Neutralization,K227S,1.0373735135534383
../results//collapsed_data/K227S.csv,G1,K227S,negative,0,1,1416.625,Neutralization,K227S,0.8370632986188049
../results//collapsed_data/K227S.csv,G2,K227S,negative,0,2,1648.625,Neutralization,K227S,0.9741487554472266
../results//collapsed_data/K227S.csv,G3,K227S,negative,0,3,1694.625,Neutralization,K227S,1.0013294925769998
../results//collapsed_data/K227S.csv,G4,K227S,negative,0,4,1775.625,Neutralization,K227S,1.049191225348992
../results//collapsed_data/K227S.csv,G5,K227S,negative,0,5,1749.625,Neutralization,K227S,1.033828200014772
../results//collapsed_data/K227S.csv,G6,K227S,negative,0,6,1781.625,Neutralization,K227S,1.052736538887658
../results//collapsed_data/K227S.csv,G7,K227S,negative,0,7,1803.625,Neutralization,K227S,1.0657360218627667
../results//collapsed_data/K227S.csv,G8,K227S,negative,0,8,1668.625,Neutralization,K227S,0.98596646724278
../results//collapsed_data/K650Y.csv,A1,K650Y,mAb,0.01,1,3.125,Neutralization,K650Y,0.00213656952397231
../results//collapsed_data/K650Y.csv,A2,K650Y,mAb,0.01,2,-0.875,Neutralization,K650Y,-5.982394667122468e-4
../results//collapsed_data/K650Y.csv,B1,K650Y,mAb,0.0033333333333333335,1,15.125,Neutralization,K650Y,0.01034099649602598
../results//collapsed_data/K650Y.csv,B2,K650Y,mAb,0.0033333333333333335,2,9.125,Neutralization,K650Y,0.00623878300999914
../results//collapsed_data/K650Y.csv,C1,K650Y,mAb,0.0011111111111111111,1,159.125,Neutralization,K650Y,0.10879412016067004
../results//collapsed_data/K650Y.csv,C2,K650Y,mAb,0.0011111111111111111,2,154.125,Neutralization,K650Y,0.10537560892231432
../results//collapsed_data/K650Y.csv,D1,K650Y,mAb,3.703703703703703e-4,1,683.125,Neutralization,K650Y,0.46705409794034697
../results//collapsed_data/K650Y.csv,D2,K650Y,mAb,3.703703703703703e-4,2,779.125,Neutralization,K650Y,0.5326895137167763
../results//collapsed_data/K650Y.csv,E1,K650Y,mAb,1.234567901234568e-4,1,1168.125,Neutralization,K650Y,0.7986496880608495
../results//collapsed_data/K650Y.csv,E2,K650Y,mAb,1.234567901234568e-4,2,1175.125,Neutralization,K650Y,0.8034356037945475
../results//collapsed_data/K650Y.csv,F1,K650Y,mAb,4.115e-5,1,1493.125,Neutralization,K650Y,1.0208529185539696
../results//collapsed_data/K650Y.csv,F2,K650Y,mAb,4.115e-5,2,1435.125,Neutralization,K650Y,0.9811981881890436
../results//collapsed_data/K650Y.csv,G1,K650Y,negative,0,1,1635.125,Neutralization,K650Y,1.1179386377232716
../results//collapsed_data/K650Y.csv,G2,K650Y,negative,0,2,1587.125,Neutralization,K650Y,1.0851209298350568
../results//collapsed_data/K650Y.csv,G3,K650Y,negative,0,3,1403.125,Neutralization,K650Y,0.9593197162635672
../results//collapsed_data/K650Y.csv,G4,K650Y,negative,0,4,1468.125,Neutralization,K650Y,1.0037603623621911
../results//collapsed_data/K650Y.csv,G5,K650Y,negative,0,5,1473.125,Neutralization,K650Y,1.007178873600547
../results//collapsed_data/K650Y.csv,G6,K650Y,negative,0,6,1388.125,Neutralization,K650Y,0.9490641825485
../results//collapsed_data/K650Y.csv,G7,K650Y,negative,0,7,1353.125,Neutralization,K650Y,0.9251346038800102
../results//collapsed_data/K650Y.csv,G8,K650Y,negative,0,8,1393.125,Neutralization,K650Y,0.9524826937868558
../results//collapsed_data/K723E.csv,A1,K723E,mAb,0.01,1,2.625,Neutralization,K723E,0.0022037989295833698
../results//collapsed_data/K723E.csv,A2,K723E,mAb,0.01,2,2.625,Neutralization,K723E,0.0022037989295833698
../results//collapsed_data/K723E.csv,B1,K723E,mAb,0.0033333333333333335,1,14.625,Neutralization,K723E,0.01227830832196453
../results//collapsed_data/K723E.csv,B2,K723E,mAb,0.0033333333333333335,2,20.625,Neutralization,K723E,0.0173155630181551
../results//collapsed_data/K723E.csv,C1,K723E,mAb,0.0011111111111111111,1,130.625,Neutralization,K723E,0.10966523244831566
../results//collapsed_data/K723E.csv,C2,K723E,mAb,0.0011111111111111111,2,127.625,Neutralization,K723E,0.10714660510022038
../results//collapsed_data/K723E.csv,D1,K723E,mAb,3.703703703703703e-4,1,475.625,Neutralization,K723E,0.3993073774792738
../results//collapsed_data/K723E.csv,D2,K723E,mAb,3.703703703703703e-4,2,492.625,Neutralization,K723E,0.4135795991184804
../results//collapsed_data/K723E.csv,E1,K723E,mAb,1.234567901234568e-4,1,883.625,Neutralization,K723E,0.741840696820233
../results//collapsed_data/K723E.csv,E2,K723E,mAb,1.234567901234568e-4,2,770.625,Neutralization,K723E,0.6469724000419771
../results//collapsed_data/K723E.csv,F1,K723E,mAb,4.115e-5,1,1023.625,Neutralization,K723E,0.8593766397313464
../results//collapsed_data/K723E.csv,F2,K723E,mAb,4.115e-5,2,923.625,Neutralization,K723E,0.7754223947948368
../results//collapsed_data/K723E.csv,G1,K723E,negative,0,1,1037.625,Neutralization,K723E,0.8711302340224577
../results//collapsed_data/K723E.csv,G2,K723E,negative,0,2,1153.625,Neutralization,K723E,0.9685171581488088
../results//collapsed_data/K723E.csv,G3,K723E,negative,0,3,1173.625,Neutralization,K723E,0.9853080071361108
../results//collapsed_data/K723E.csv,G4,K723E,negative,0,4,1234.625,Neutralization,K723E,1.0365200965473818
../results//collapsed_data/K723E.csv,G5,K723E,negative,0,5,1197.625,Neutralization,K723E,1.005457025920873
../results//collapsed_data/K723E.csv,G6,K723E,negative,0,6,1201.625,Neutralization,K723E,1.0088151957183336
../results//collapsed_data/K723E.csv,G7,K723E,negative,0,7,1350.625,Neutralization,K723E,1.1339070206737327
../results//collapsed_data/K723E.csv,G8,K723E,negative,0,8,1179.625,Neutralization,K723E,0.9903452618323014
../results//collapsed_data/WT.csv,A1,WT,mAb,0.01,1,-0.5,Neutralization,WT,-3.295164346321773e-4
../results//collapsed_data/WT.csv,A2,WT,mAb,0.01,2,-0.5,Neutralization,WT,-3.295164346321773e-4
../results//collapsed_data/WT.csv,B1,WT,mAb,0.0033333333333333335,1,8.5,Neutralization,WT,0.00560177938874701
../results//collapsed_data/WT.csv,B2,WT,mAb,0.0033333333333333335,2,10.5,Neutralization,WT,0.00691984512727572
../results//collapsed_data/WT.csv,C1,WT,mAb,0.0011111111111111111,1,136.5,Neutralization,WT,0.0899579866545844
../results//collapsed_data/WT.csv,C2,WT,mAb,0.0011111111111111111,2,159.5,Neutralization,WT,0.10511574264766456
../results//collapsed_data/WT.csv,D1,WT,mAb,3.703703703703703e-4,1,522.5,Neutralization,WT,0.34434467419062526
../results//collapsed_data/WT.csv,D2,WT,mAb,3.703703703703703e-4,2,560.5,Neutralization,WT,0.3693879232226707
../results//collapsed_data/WT.csv,E1,WT,mAb,1.234567901234568e-4,1,890.5,Neutralization,WT,0.5868687700799078
../results//collapsed_data/WT.csv,E2,WT,mAb,1.234567901234568e-4,2,882.5,Neutralization,WT,0.5815965071257929
../results//collapsed_data/WT.csv,F1,WT,mAb,4.115e-5,1,1207.5,Neutralization,WT,0.7957821896367081
../results//collapsed_data/WT.csv,F2,WT,mAb,4.115e-5,2,1307.5,Neutralization,WT,0.8616854765631435
../results//collapsed_data/WT.csv,G1,WT,negative,0,1,1530.5,Neutralization,WT,1.0086498064090947
../results//collapsed_data/WT.csv,G2,WT,negative,0,2,1471.5,Neutralization,WT,0.9697668671224976
../results//collapsed_data/WT.csv,G3,WT,negative,0,3,1561.5,Neutralization,WT,1.0290798253562896
../results//collapsed_data/WT.csv,G4,WT,negative,0,4,1416.5,Neutralization,WT,0.9335200593129582
../results//collapsed_data/WT.csv,G5,WT,negative,0,5,1514.5,Neutralization,WT,0.998105280500865
../results//collapsed_data/WT.csv,G6,WT,negative,0,6,1584.5,Neutralization,WT,1.0442375813493698
../results//collapsed_data/WT.csv,G7,WT,negative,0,7,1510.5,Neutralization,WT,0.9954691490238076
../results//collapsed_data/WT.csv,G8,WT,negative,0,8,1549.5,Neutralization,WT,1.0211714309251174
